file_id,image_relative_path,image_file_name,mask_relative_path,mask_file_name
001,ORIGA/Images/001.jpg,001.jpg,ORIGA/Masks/001.png,001.png
002,ORIGA/Images/002.jpg,002.jpg,ORIGA/Masks/002.png,002.png
003,ORIGA/Images/003.jpg,003.jpg,ORIGA/Masks/003.png,003.png
004,ORIGA/Images/004.jpg,004.jpg,ORIGA/Masks/004.png,004.png
005,ORIGA/Images/005.jpg,005.jpg,ORIGA/Masks/005.png,005.png
006,ORIGA/Images/006.jpg,006.jpg,ORIGA/Masks/006.png,006.png
007,ORIGA/Images/007.jpg,007.jpg,ORIGA/Masks/007.png,007.png
008,ORIGA/Images/008.jpg,008.jpg,ORIGA/Masks/008.png,008.png
009,ORIGA/Images/009.jpg,009.jpg,ORIGA/Masks/009.png,009.png
010,ORIGA/Images/010.jpg,010.jpg,ORIGA/Masks/010.png,010.png
011,ORIGA/Images/011.jpg,011.jpg,ORIGA/Masks/011.png,011.png
012,ORIGA/Images/012.jpg,012.jpg,ORIGA/Masks/012.png,012.png
013,ORIGA/Images/013.jpg,013.jpg,ORIGA/Masks/013.png,013.png
014,ORIGA/Images/014.jpg,014.jpg,ORIGA/Masks/014.png,014.png
015,ORIGA/Images/015.jpg,015.jpg,ORIGA/Masks/015.png,015.png
016,ORIGA/Images/016.jpg,016.jpg,ORIGA/Masks/016.png,016.png
017,ORIGA/Images/017.jpg,017.jpg,ORIGA/Masks/017.png,017.png
018,ORIGA/Images/018.jpg,018.jpg,ORIGA/Masks/018.png,018.png
019,ORIGA/Images/019.jpg,019.jpg,ORIGA/Masks/019.png,019.png
020,ORIGA/Images/020.jpg,020.jpg,ORIGA/Masks/020.png,020.png
021,ORIGA/Images/021.jpg,021.jpg,ORIGA/Masks/021.png,021.png
022,ORIGA/Images/022.jpg,022.jpg,ORIGA/Masks/022.png,022.png
023,ORIGA/Images/023.jpg,023.jpg,ORIGA/Masks/023.png,023.png
024,ORIGA/Images/024.jpg,024.jpg,ORIGA/Masks/024.png,024.png
025,ORIGA/Images/025.jpg,025.jpg,ORIGA/Masks/025.png,025.png
026,ORIGA/Images/026.jpg,026.jpg,ORIGA/Masks/026.png,026.png
027,ORIGA/Images/027.jpg,027.jpg,ORIGA/Masks/027.png,027.png
028,ORIGA/Images/028.jpg,028.jpg,ORIGA/Masks/028.png,028.png
029,ORIGA/Images/029.jpg,029.jpg,ORIGA/Masks/029.png,029.png
030,ORIGA/Images/030.jpg,030.jpg,ORIGA/Masks/030.png,030.png
031,ORIGA/Images/031.jpg,031.jpg,ORIGA/Masks/031.png,031.png
032,ORIGA/Images/032.jpg,032.jpg,ORIGA/Masks/032.png,032.png
033,ORIGA/Images/033.jpg,033.jpg,ORIGA/Masks/033.png,033.png
034,ORIGA/Images/034.jpg,034.jpg,ORIGA/Masks/034.png,034.png
035,ORIGA/Images/035.jpg,035.jpg,ORIGA/Masks/035.png,035.png
036,ORIGA/Images/036.jpg,036.jpg,ORIGA/Masks/036.png,036.png
037,ORIGA/Images/037.jpg,037.jpg,ORIGA/Masks/037.png,037.png
038,ORIGA/Images/038.jpg,038.jpg,ORIGA/Masks/038.png,038.png
039,ORIGA/Images/039.jpg,039.jpg,ORIGA/Masks/039.png,039.png
040,ORIGA/Images/040.jpg,040.jpg,ORIGA/Masks/040.png,040.png
041,ORIGA/Images/041.jpg,041.jpg,ORIGA/Masks/041.png,041.png
042,ORIGA/Images/042.jpg,042.jpg,ORIGA/Masks/042.png,042.png
043,ORIGA/Images/043.jpg,043.jpg,ORIGA/Masks/043.png,043.png
044,ORIGA/Images/044.jpg,044.jpg,ORIGA/Masks/044.png,044.png
045,ORIGA/Images/045.jpg,045.jpg,ORIGA/Masks/045.png,045.png
046,ORIGA/Images/046.jpg,046.jpg,ORIGA/Masks/046.png,046.png
047,ORIGA/Images/047.jpg,047.jpg,ORIGA/Masks/047.png,047.png
048,ORIGA/Images/048.jpg,048.jpg,ORIGA/Masks/048.png,048.png
049,ORIGA/Images/049.jpg,049.jpg,ORIGA/Masks/049.png,049.png
050,ORIGA/Images/050.jpg,050.jpg,ORIGA/Masks/050.png,050.png
051,ORIGA/Images/051.jpg,051.jpg,ORIGA/Masks/051.png,051.png
052,ORIGA/Images/052.jpg,052.jpg,ORIGA/Masks/052.png,052.png
053,ORIGA/Images/053.jpg,053.jpg,ORIGA/Masks/053.png,053.png
054,ORIGA/Images/054.jpg,054.jpg,ORIGA/Masks/054.png,054.png
055,ORIGA/Images/055.jpg,055.jpg,ORIGA/Masks/055.png,055.png
056,ORIGA/Images/056.jpg,056.jpg,ORIGA/Masks/056.png,056.png
057,ORIGA/Images/057.jpg,057.jpg,ORIGA/Masks/057.png,057.png
058,ORIGA/Images/058.jpg,058.jpg,ORIGA/Masks/058.png,058.png
059,ORIGA/Images/059.jpg,059.jpg,ORIGA/Masks/059.png,059.png
060,ORIGA/Images/060.jpg,060.jpg,ORIGA/Masks/060.png,060.png
061,ORIGA/Images/061.jpg,061.jpg,ORIGA/Masks/061.png,061.png
062,ORIGA/Images/062.jpg,062.jpg,ORIGA/Masks/062.png,062.png
063,ORIGA/Images/063.jpg,063.jpg,ORIGA/Masks/063.png,063.png
064,ORIGA/Images/064.jpg,064.jpg,ORIGA/Masks/064.png,064.png
065,ORIGA/Images/065.jpg,065.jpg,ORIGA/Masks/065.png,065.png
066,ORIGA/Images/066.jpg,066.jpg,ORIGA/Masks/066.png,066.png
067,ORIGA/Images/067.jpg,067.jpg,ORIGA/Masks/067.png,067.png
068,ORIGA/Images/068.jpg,068.jpg,ORIGA/Masks/068.png,068.png
069,ORIGA/Images/069.jpg,069.jpg,ORIGA/Masks/069.png,069.png
070,ORIGA/Images/070.jpg,070.jpg,ORIGA/Masks/070.png,070.png
071,ORIGA/Images/071.jpg,071.jpg,ORIGA/Masks/071.png,071.png
072,ORIGA/Images/072.jpg,072.jpg,ORIGA/Masks/072.png,072.png
073,ORIGA/Images/073.jpg,073.jpg,ORIGA/Masks/073.png,073.png
074,ORIGA/Images/074.jpg,074.jpg,ORIGA/Masks/074.png,074.png
075,ORIGA/Images/075.jpg,075.jpg,ORIGA/Masks/075.png,075.png
076,ORIGA/Images/076.jpg,076.jpg,ORIGA/Masks/076.png,076.png
077,ORIGA/Images/077.jpg,077.jpg,ORIGA/Masks/077.png,077.png
078,ORIGA/Images/078.jpg,078.jpg,ORIGA/Masks/078.png,078.png
079,ORIGA/Images/079.jpg,079.jpg,ORIGA/Masks/079.png,079.png
080,ORIGA/Images/080.jpg,080.jpg,ORIGA/Masks/080.png,080.png
081,ORIGA/Images/081.jpg,081.jpg,ORIGA/Masks/081.png,081.png
082,ORIGA/Images/082.jpg,082.jpg,ORIGA/Masks/082.png,082.png
083,ORIGA/Images/083.jpg,083.jpg,ORIGA/Masks/083.png,083.png
084,ORIGA/Images/084.jpg,084.jpg,ORIGA/Masks/084.png,084.png
085,ORIGA/Images/085.jpg,085.jpg,ORIGA/Masks/085.png,085.png
086,ORIGA/Images/086.jpg,086.jpg,ORIGA/Masks/086.png,086.png
087,ORIGA/Images/087.jpg,087.jpg,ORIGA/Masks/087.png,087.png
088,ORIGA/Images/088.jpg,088.jpg,ORIGA/Masks/088.png,088.png
089,ORIGA/Images/089.jpg,089.jpg,ORIGA/Masks/089.png,089.png
090,ORIGA/Images/090.jpg,090.jpg,ORIGA/Masks/090.png,090.png
091,ORIGA/Images/091.jpg,091.jpg,ORIGA/Masks/091.png,091.png
092,ORIGA/Images/092.jpg,092.jpg,ORIGA/Masks/092.png,092.png
093,ORIGA/Images/093.jpg,093.jpg,ORIGA/Masks/093.png,093.png
094,ORIGA/Images/094.jpg,094.jpg,ORIGA/Masks/094.png,094.png
095,ORIGA/Images/095.jpg,095.jpg,ORIGA/Masks/095.png,095.png
096,ORIGA/Images/096.jpg,096.jpg,ORIGA/Masks/096.png,096.png
097,ORIGA/Images/097.jpg,097.jpg,ORIGA/Masks/097.png,097.png
098,ORIGA/Images/098.jpg,098.jpg,ORIGA/Masks/098.png,098.png
099,ORIGA/Images/099.jpg,099.jpg,ORIGA/Masks/099.png,099.png
100,ORIGA/Images/100.jpg,100.jpg,ORIGA/Masks/100.png,100.png
101,ORIGA/Images/101.jpg,101.jpg,ORIGA/Masks/101.png,101.png
102,ORIGA/Images/102.jpg,102.jpg,ORIGA/Masks/102.png,102.png
103,ORIGA/Images/103.jpg,103.jpg,ORIGA/Masks/103.png,103.png
104,ORIGA/Images/104.jpg,104.jpg,ORIGA/Masks/104.png,104.png
105,ORIGA/Images/105.jpg,105.jpg,ORIGA/Masks/105.png,105.png
106,ORIGA/Images/106.jpg,106.jpg,ORIGA/Masks/106.png,106.png
107,ORIGA/Images/107.jpg,107.jpg,ORIGA/Masks/107.png,107.png
108,ORIGA/Images/108.jpg,108.jpg,ORIGA/Masks/108.png,108.png
109,ORIGA/Images/109.jpg,109.jpg,ORIGA/Masks/109.png,109.png
110,ORIGA/Images/110.jpg,110.jpg,ORIGA/Masks/110.png,110.png
111,ORIGA/Images/111.jpg,111.jpg,ORIGA/Masks/111.png,111.png
112,ORIGA/Images/112.jpg,112.jpg,ORIGA/Masks/112.png,112.png
113,ORIGA/Images/113.jpg,113.jpg,ORIGA/Masks/113.png,113.png
114,ORIGA/Images/114.jpg,114.jpg,ORIGA/Masks/114.png,114.png
115,ORIGA/Images/115.jpg,115.jpg,ORIGA/Masks/115.png,115.png
116,ORIGA/Images/116.jpg,116.jpg,ORIGA/Masks/116.png,116.png
117,ORIGA/Images/117.jpg,117.jpg,ORIGA/Masks/117.png,117.png
118,ORIGA/Images/118.jpg,118.jpg,ORIGA/Masks/118.png,118.png
119,ORIGA/Images/119.jpg,119.jpg,ORIGA/Masks/119.png,119.png
120,ORIGA/Images/120.jpg,120.jpg,ORIGA/Masks/120.png,120.png
121,ORIGA/Images/121.jpg,121.jpg,ORIGA/Masks/121.png,121.png
122,ORIGA/Images/122.jpg,122.jpg,ORIGA/Masks/122.png,122.png
123,ORIGA/Images/123.jpg,123.jpg,ORIGA/Masks/123.png,123.png
124,ORIGA/Images/124.jpg,124.jpg,ORIGA/Masks/124.png,124.png
125,ORIGA/Images/125.jpg,125.jpg,ORIGA/Masks/125.png,125.png
126,ORIGA/Images/126.jpg,126.jpg,ORIGA/Masks/126.png,126.png
127,ORIGA/Images/127.jpg,127.jpg,ORIGA/Masks/127.png,127.png
128,ORIGA/Images/128.jpg,128.jpg,ORIGA/Masks/128.png,128.png
129,ORIGA/Images/129.jpg,129.jpg,ORIGA/Masks/129.png,129.png
130,ORIGA/Images/130.jpg,130.jpg,ORIGA/Masks/130.png,130.png
131,ORIGA/Images/131.jpg,131.jpg,ORIGA/Masks/131.png,131.png
132,ORIGA/Images/132.jpg,132.jpg,ORIGA/Masks/132.png,132.png
133,ORIGA/Images/133.jpg,133.jpg,ORIGA/Masks/133.png,133.png
134,ORIGA/Images/134.jpg,134.jpg,ORIGA/Masks/134.png,134.png
135,ORIGA/Images/135.jpg,135.jpg,ORIGA/Masks/135.png,135.png
136,ORIGA/Images/136.jpg,136.jpg,ORIGA/Masks/136.png,136.png
137,ORIGA/Images/137.jpg,137.jpg,ORIGA/Masks/137.png,137.png
138,ORIGA/Images/138.jpg,138.jpg,ORIGA/Masks/138.png,138.png
139,ORIGA/Images/139.jpg,139.jpg,ORIGA/Masks/139.png,139.png
140,ORIGA/Images/140.jpg,140.jpg,ORIGA/Masks/140.png,140.png
141,ORIGA/Images/141.jpg,141.jpg,ORIGA/Masks/141.png,141.png
142,ORIGA/Images/142.jpg,142.jpg,ORIGA/Masks/142.png,142.png
143,ORIGA/Images/143.jpg,143.jpg,ORIGA/Masks/143.png,143.png
144,ORIGA/Images/144.jpg,144.jpg,ORIGA/Masks/144.png,144.png
145,ORIGA/Images/145.jpg,145.jpg,ORIGA/Masks/145.png,145.png
146,ORIGA/Images/146.jpg,146.jpg,ORIGA/Masks/146.png,146.png
147,ORIGA/Images/147.jpg,147.jpg,ORIGA/Masks/147.png,147.png
148,ORIGA/Images/148.jpg,148.jpg,ORIGA/Masks/148.png,148.png
149,ORIGA/Images/149.jpg,149.jpg,ORIGA/Masks/149.png,149.png
150,ORIGA/Images/150.jpg,150.jpg,ORIGA/Masks/150.png,150.png
151,ORIGA/Images/151.jpg,151.jpg,ORIGA/Masks/151.png,151.png
152,ORIGA/Images/152.jpg,152.jpg,ORIGA/Masks/152.png,152.png
153,ORIGA/Images/153.jpg,153.jpg,ORIGA/Masks/153.png,153.png
154,ORIGA/Images/154.jpg,154.jpg,ORIGA/Masks/154.png,154.png
155,ORIGA/Images/155.jpg,155.jpg,ORIGA/Masks/155.png,155.png
156,ORIGA/Images/156.jpg,156.jpg,ORIGA/Masks/156.png,156.png
157,ORIGA/Images/157.jpg,157.jpg,ORIGA/Masks/157.png,157.png
158,ORIGA/Images/158.jpg,158.jpg,ORIGA/Masks/158.png,158.png
159,ORIGA/Images/159.jpg,159.jpg,ORIGA/Masks/159.png,159.png
160,ORIGA/Images/160.jpg,160.jpg,ORIGA/Masks/160.png,160.png
161,ORIGA/Images/161.jpg,161.jpg,ORIGA/Masks/161.png,161.png
162,ORIGA/Images/162.jpg,162.jpg,ORIGA/Masks/162.png,162.png
163,ORIGA/Images/163.jpg,163.jpg,ORIGA/Masks/163.png,163.png
164,ORIGA/Images/164.jpg,164.jpg,ORIGA/Masks/164.png,164.png
165,ORIGA/Images/165.jpg,165.jpg,ORIGA/Masks/165.png,165.png
166,ORIGA/Images/166.jpg,166.jpg,ORIGA/Masks/166.png,166.png
167,ORIGA/Images/167.jpg,167.jpg,ORIGA/Masks/167.png,167.png
168,ORIGA/Images/168.jpg,168.jpg,ORIGA/Masks/168.png,168.png
169,ORIGA/Images/169.jpg,169.jpg,ORIGA/Masks/169.png,169.png
170,ORIGA/Images/170.jpg,170.jpg,ORIGA/Masks/170.png,170.png
171,ORIGA/Images/171.jpg,171.jpg,ORIGA/Masks/171.png,171.png
172,ORIGA/Images/172.jpg,172.jpg,ORIGA/Masks/172.png,172.png
173,ORIGA/Images/173.jpg,173.jpg,ORIGA/Masks/173.png,173.png
174,ORIGA/Images/174.jpg,174.jpg,ORIGA/Masks/174.png,174.png
175,ORIGA/Images/175.jpg,175.jpg,ORIGA/Masks/175.png,175.png
176,ORIGA/Images/176.jpg,176.jpg,ORIGA/Masks/176.png,176.png
177,ORIGA/Images/177.jpg,177.jpg,ORIGA/Masks/177.png,177.png
178,ORIGA/Images/178.jpg,178.jpg,ORIGA/Masks/178.png,178.png
179,ORIGA/Images/179.jpg,179.jpg,ORIGA/Masks/179.png,179.png
180,ORIGA/Images/180.jpg,180.jpg,ORIGA/Masks/180.png,180.png
181,ORIGA/Images/181.jpg,181.jpg,ORIGA/Masks/181.png,181.png
182,ORIGA/Images/182.jpg,182.jpg,ORIGA/Masks/182.png,182.png
183,ORIGA/Images/183.jpg,183.jpg,ORIGA/Masks/183.png,183.png
184,ORIGA/Images/184.jpg,184.jpg,ORIGA/Masks/184.png,184.png
185,ORIGA/Images/185.jpg,185.jpg,ORIGA/Masks/185.png,185.png
186,ORIGA/Images/186.jpg,186.jpg,ORIGA/Masks/186.png,186.png
187,ORIGA/Images/187.jpg,187.jpg,ORIGA/Masks/187.png,187.png
188,ORIGA/Images/188.jpg,188.jpg,ORIGA/Masks/188.png,188.png
189,ORIGA/Images/189.jpg,189.jpg,ORIGA/Masks/189.png,189.png
190,ORIGA/Images/190.jpg,190.jpg,ORIGA/Masks/190.png,190.png
191,ORIGA/Images/191.jpg,191.jpg,ORIGA/Masks/191.png,191.png
192,ORIGA/Images/192.jpg,192.jpg,ORIGA/Masks/192.png,192.png
193,ORIGA/Images/193.jpg,193.jpg,ORIGA/Masks/193.png,193.png
194,ORIGA/Images/194.jpg,194.jpg,ORIGA/Masks/194.png,194.png
195,ORIGA/Images/195.jpg,195.jpg,ORIGA/Masks/195.png,195.png
196,ORIGA/Images/196.jpg,196.jpg,ORIGA/Masks/196.png,196.png
197,ORIGA/Images/197.jpg,197.jpg,ORIGA/Masks/197.png,197.png
198,ORIGA/Images/198.jpg,198.jpg,ORIGA/Masks/198.png,198.png
199,ORIGA/Images/199.jpg,199.jpg,ORIGA/Masks/199.png,199.png
200,ORIGA/Images/200.jpg,200.jpg,ORIGA/Masks/200.png,200.png
201,ORIGA/Images/201.jpg,201.jpg,ORIGA/Masks/201.png,201.png
202,ORIGA/Images/202.jpg,202.jpg,ORIGA/Masks/202.png,202.png
203,ORIGA/Images/203.jpg,203.jpg,ORIGA/Masks/203.png,203.png
204,ORIGA/Images/204.jpg,204.jpg,ORIGA/Masks/204.png,204.png
205,ORIGA/Images/205.jpg,205.jpg,ORIGA/Masks/205.png,205.png
206,ORIGA/Images/206.jpg,206.jpg,ORIGA/Masks/206.png,206.png
207,ORIGA/Images/207.jpg,207.jpg,ORIGA/Masks/207.png,207.png
208,ORIGA/Images/208.jpg,208.jpg,ORIGA/Masks/208.png,208.png
209,ORIGA/Images/209.jpg,209.jpg,ORIGA/Masks/209.png,209.png
210,ORIGA/Images/210.jpg,210.jpg,ORIGA/Masks/210.png,210.png
211,ORIGA/Images/211.jpg,211.jpg,ORIGA/Masks/211.png,211.png
212,ORIGA/Images/212.jpg,212.jpg,ORIGA/Masks/212.png,212.png
213,ORIGA/Images/213.jpg,213.jpg,ORIGA/Masks/213.png,213.png
214,ORIGA/Images/214.jpg,214.jpg,ORIGA/Masks/214.png,214.png
215,ORIGA/Images/215.jpg,215.jpg,ORIGA/Masks/215.png,215.png
216,ORIGA/Images/216.jpg,216.jpg,ORIGA/Masks/216.png,216.png
217,ORIGA/Images/217.jpg,217.jpg,ORIGA/Masks/217.png,217.png
218,ORIGA/Images/218.jpg,218.jpg,ORIGA/Masks/218.png,218.png
219,ORIGA/Images/219.jpg,219.jpg,ORIGA/Masks/219.png,219.png
220,ORIGA/Images/220.jpg,220.jpg,ORIGA/Masks/220.png,220.png
221,ORIGA/Images/221.jpg,221.jpg,ORIGA/Masks/221.png,221.png
222,ORIGA/Images/222.jpg,222.jpg,ORIGA/Masks/222.png,222.png
223,ORIGA/Images/223.jpg,223.jpg,ORIGA/Masks/223.png,223.png
224,ORIGA/Images/224.jpg,224.jpg,ORIGA/Masks/224.png,224.png
225,ORIGA/Images/225.jpg,225.jpg,ORIGA/Masks/225.png,225.png
226,ORIGA/Images/226.jpg,226.jpg,ORIGA/Masks/226.png,226.png
227,ORIGA/Images/227.jpg,227.jpg,ORIGA/Masks/227.png,227.png
228,ORIGA/Images/228.jpg,228.jpg,ORIGA/Masks/228.png,228.png
229,ORIGA/Images/229.jpg,229.jpg,ORIGA/Masks/229.png,229.png
230,ORIGA/Images/230.jpg,230.jpg,ORIGA/Masks/230.png,230.png
231,ORIGA/Images/231.jpg,231.jpg,ORIGA/Masks/231.png,231.png
232,ORIGA/Images/232.jpg,232.jpg,ORIGA/Masks/232.png,232.png
233,ORIGA/Images/233.jpg,233.jpg,ORIGA/Masks/233.png,233.png
234,ORIGA/Images/234.jpg,234.jpg,ORIGA/Masks/234.png,234.png
235,ORIGA/Images/235.jpg,235.jpg,ORIGA/Masks/235.png,235.png
236,ORIGA/Images/236.jpg,236.jpg,ORIGA/Masks/236.png,236.png
237,ORIGA/Images/237.jpg,237.jpg,ORIGA/Masks/237.png,237.png
238,ORIGA/Images/238.jpg,238.jpg,ORIGA/Masks/238.png,238.png
239,ORIGA/Images/239.jpg,239.jpg,ORIGA/Masks/239.png,239.png
240,ORIGA/Images/240.jpg,240.jpg,ORIGA/Masks/240.png,240.png
241,ORIGA/Images/241.jpg,241.jpg,ORIGA/Masks/241.png,241.png
242,ORIGA/Images/242.jpg,242.jpg,ORIGA/Masks/242.png,242.png
243,ORIGA/Images/243.jpg,243.jpg,ORIGA/Masks/243.png,243.png
244,ORIGA/Images/244.jpg,244.jpg,ORIGA/Masks/244.png,244.png
245,ORIGA/Images/245.jpg,245.jpg,ORIGA/Masks/245.png,245.png
246,ORIGA/Images/246.jpg,246.jpg,ORIGA/Masks/246.png,246.png
247,ORIGA/Images/247.jpg,247.jpg,ORIGA/Masks/247.png,247.png
248,ORIGA/Images/248.jpg,248.jpg,ORIGA/Masks/248.png,248.png
249,ORIGA/Images/249.jpg,249.jpg,ORIGA/Masks/249.png,249.png
250,ORIGA/Images/250.jpg,250.jpg,ORIGA/Masks/250.png,250.png
251,ORIGA/Images/251.jpg,251.jpg,ORIGA/Masks/251.png,251.png
252,ORIGA/Images/252.jpg,252.jpg,ORIGA/Masks/252.png,252.png
253,ORIGA/Images/253.jpg,253.jpg,ORIGA/Masks/253.png,253.png
254,ORIGA/Images/254.jpg,254.jpg,ORIGA/Masks/254.png,254.png
255,ORIGA/Images/255.jpg,255.jpg,ORIGA/Masks/255.png,255.png
256,ORIGA/Images/256.jpg,256.jpg,ORIGA/Masks/256.png,256.png
257,ORIGA/Images/257.jpg,257.jpg,ORIGA/Masks/257.png,257.png
258,ORIGA/Images/258.jpg,258.jpg,ORIGA/Masks/258.png,258.png
259,ORIGA/Images/259.jpg,259.jpg,ORIGA/Masks/259.png,259.png
260,ORIGA/Images/260.jpg,260.jpg,ORIGA/Masks/260.png,260.png
261,ORIGA/Images/261.jpg,261.jpg,ORIGA/Masks/261.png,261.png
262,ORIGA/Images/262.jpg,262.jpg,ORIGA/Masks/262.png,262.png
263,ORIGA/Images/263.jpg,263.jpg,ORIGA/Masks/263.png,263.png
264,ORIGA/Images/264.jpg,264.jpg,ORIGA/Masks/264.png,264.png
265,ORIGA/Images/265.jpg,265.jpg,ORIGA/Masks/265.png,265.png
266,ORIGA/Images/266.jpg,266.jpg,ORIGA/Masks/266.png,266.png
267,ORIGA/Images/267.jpg,267.jpg,ORIGA/Masks/267.png,267.png
268,ORIGA/Images/268.jpg,268.jpg,ORIGA/Masks/268.png,268.png
269,ORIGA/Images/269.jpg,269.jpg,ORIGA/Masks/269.png,269.png
270,ORIGA/Images/270.jpg,270.jpg,ORIGA/Masks/270.png,270.png
271,ORIGA/Images/271.jpg,271.jpg,ORIGA/Masks/271.png,271.png
272,ORIGA/Images/272.jpg,272.jpg,ORIGA/Masks/272.png,272.png
273,ORIGA/Images/273.jpg,273.jpg,ORIGA/Masks/273.png,273.png
274,ORIGA/Images/274.jpg,274.jpg,ORIGA/Masks/274.png,274.png
275,ORIGA/Images/275.jpg,275.jpg,ORIGA/Masks/275.png,275.png
276,ORIGA/Images/276.jpg,276.jpg,ORIGA/Masks/276.png,276.png
277,ORIGA/Images/277.jpg,277.jpg,ORIGA/Masks/277.png,277.png
278,ORIGA/Images/278.jpg,278.jpg,ORIGA/Masks/278.png,278.png
279,ORIGA/Images/279.jpg,279.jpg,ORIGA/Masks/279.png,279.png
280,ORIGA/Images/280.jpg,280.jpg,ORIGA/Masks/280.png,280.png
281,ORIGA/Images/281.jpg,281.jpg,ORIGA/Masks/281.png,281.png
282,ORIGA/Images/282.jpg,282.jpg,ORIGA/Masks/282.png,282.png
283,ORIGA/Images/283.jpg,283.jpg,ORIGA/Masks/283.png,283.png
284,ORIGA/Images/284.jpg,284.jpg,ORIGA/Masks/284.png,284.png
285,ORIGA/Images/285.jpg,285.jpg,ORIGA/Masks/285.png,285.png
286,ORIGA/Images/286.jpg,286.jpg,ORIGA/Masks/286.png,286.png
287,ORIGA/Images/287.jpg,287.jpg,ORIGA/Masks/287.png,287.png
288,ORIGA/Images/288.jpg,288.jpg,ORIGA/Masks/288.png,288.png
289,ORIGA/Images/289.jpg,289.jpg,ORIGA/Masks/289.png,289.png
290,ORIGA/Images/290.jpg,290.jpg,ORIGA/Masks/290.png,290.png
291,ORIGA/Images/291.jpg,291.jpg,ORIGA/Masks/291.png,291.png
292,ORIGA/Images/292.jpg,292.jpg,ORIGA/Masks/292.png,292.png
293,ORIGA/Images/293.jpg,293.jpg,ORIGA/Masks/293.png,293.png
294,ORIGA/Images/294.jpg,294.jpg,ORIGA/Masks/294.png,294.png
295,ORIGA/Images/295.jpg,295.jpg,ORIGA/Masks/295.png,295.png
296,ORIGA/Images/296.jpg,296.jpg,ORIGA/Masks/296.png,296.png
297,ORIGA/Images/297.jpg,297.jpg,ORIGA/Masks/297.png,297.png
298,ORIGA/Images/298.jpg,298.jpg,ORIGA/Masks/298.png,298.png
299,ORIGA/Images/299.jpg,299.jpg,ORIGA/Masks/299.png,299.png
300,ORIGA/Images/300.jpg,300.jpg,ORIGA/Masks/300.png,300.png
301,ORIGA/Images/301.jpg,301.jpg,ORIGA/Masks/301.png,301.png
302,ORIGA/Images/302.jpg,302.jpg,ORIGA/Masks/302.png,302.png
303,ORIGA/Images/303.jpg,303.jpg,ORIGA/Masks/303.png,303.png
304,ORIGA/Images/304.jpg,304.jpg,ORIGA/Masks/304.png,304.png
305,ORIGA/Images/305.jpg,305.jpg,ORIGA/Masks/305.png,305.png
306,ORIGA/Images/306.jpg,306.jpg,ORIGA/Masks/306.png,306.png
307,ORIGA/Images/307.jpg,307.jpg,ORIGA/Masks/307.png,307.png
308,ORIGA/Images/308.jpg,308.jpg,ORIGA/Masks/308.png,308.png
309,ORIGA/Images/309.jpg,309.jpg,ORIGA/Masks/309.png,309.png
310,ORIGA/Images/310.jpg,310.jpg,ORIGA/Masks/310.png,310.png
311,ORIGA/Images/311.jpg,311.jpg,ORIGA/Masks/311.png,311.png
312,ORIGA/Images/312.jpg,312.jpg,ORIGA/Masks/312.png,312.png
313,ORIGA/Images/313.jpg,313.jpg,ORIGA/Masks/313.png,313.png
314,ORIGA/Images/314.jpg,314.jpg,ORIGA/Masks/314.png,314.png
315,ORIGA/Images/315.jpg,315.jpg,ORIGA/Masks/315.png,315.png
316,ORIGA/Images/316.jpg,316.jpg,ORIGA/Masks/316.png,316.png
317,ORIGA/Images/317.jpg,317.jpg,ORIGA/Masks/317.png,317.png
318,ORIGA/Images/318.jpg,318.jpg,ORIGA/Masks/318.png,318.png
319,ORIGA/Images/319.jpg,319.jpg,ORIGA/Masks/319.png,319.png
320,ORIGA/Images/320.jpg,320.jpg,ORIGA/Masks/320.png,320.png
321,ORIGA/Images/321.jpg,321.jpg,ORIGA/Masks/321.png,321.png
322,ORIGA/Images/322.jpg,322.jpg,ORIGA/Masks/322.png,322.png
323,ORIGA/Images/323.jpg,323.jpg,ORIGA/Masks/323.png,323.png
324,ORIGA/Images/324.jpg,324.jpg,ORIGA/Masks/324.png,324.png
325,ORIGA/Images/325.jpg,325.jpg,ORIGA/Masks/325.png,325.png
326,ORIGA/Images/326.jpg,326.jpg,ORIGA/Masks/326.png,326.png
327,ORIGA/Images/327.jpg,327.jpg,ORIGA/Masks/327.png,327.png
328,ORIGA/Images/328.jpg,328.jpg,ORIGA/Masks/328.png,328.png
329,ORIGA/Images/329.jpg,329.jpg,ORIGA/Masks/329.png,329.png
330,ORIGA/Images/330.jpg,330.jpg,ORIGA/Masks/330.png,330.png
331,ORIGA/Images/331.jpg,331.jpg,ORIGA/Masks/331.png,331.png
332,ORIGA/Images/332.jpg,332.jpg,ORIGA/Masks/332.png,332.png
333,ORIGA/Images/333.jpg,333.jpg,ORIGA/Masks/333.png,333.png
334,ORIGA/Images/334.jpg,334.jpg,ORIGA/Masks/334.png,334.png
335,ORIGA/Images/335.jpg,335.jpg,ORIGA/Masks/335.png,335.png
336,ORIGA/Images/336.jpg,336.jpg,ORIGA/Masks/336.png,336.png
337,ORIGA/Images/337.jpg,337.jpg,ORIGA/Masks/337.png,337.png
338,ORIGA/Images/338.jpg,338.jpg,ORIGA/Masks/338.png,338.png
339,ORIGA/Images/339.jpg,339.jpg,ORIGA/Masks/339.png,339.png
340,ORIGA/Images/340.jpg,340.jpg,ORIGA/Masks/340.png,340.png
341,ORIGA/Images/341.jpg,341.jpg,ORIGA/Masks/341.png,341.png
342,ORIGA/Images/342.jpg,342.jpg,ORIGA/Masks/342.png,342.png
343,ORIGA/Images/343.jpg,343.jpg,ORIGA/Masks/343.png,343.png
344,ORIGA/Images/344.jpg,344.jpg,ORIGA/Masks/344.png,344.png
345,ORIGA/Images/345.jpg,345.jpg,ORIGA/Masks/345.png,345.png
346,ORIGA/Images/346.jpg,346.jpg,ORIGA/Masks/346.png,346.png
347,ORIGA/Images/347.jpg,347.jpg,ORIGA/Masks/347.png,347.png
348,ORIGA/Images/348.jpg,348.jpg,ORIGA/Masks/348.png,348.png
349,ORIGA/Images/349.jpg,349.jpg,ORIGA/Masks/349.png,349.png
350,ORIGA/Images/350.jpg,350.jpg,ORIGA/Masks/350.png,350.png
351,ORIGA/Images/351.jpg,351.jpg,ORIGA/Masks/351.png,351.png
352,ORIGA/Images/352.jpg,352.jpg,ORIGA/Masks/352.png,352.png
353,ORIGA/Images/353.jpg,353.jpg,ORIGA/Masks/353.png,353.png
354,ORIGA/Images/354.jpg,354.jpg,ORIGA/Masks/354.png,354.png
355,ORIGA/Images/355.jpg,355.jpg,ORIGA/Masks/355.png,355.png
356,ORIGA/Images/356.jpg,356.jpg,ORIGA/Masks/356.png,356.png
357,ORIGA/Images/357.jpg,357.jpg,ORIGA/Masks/357.png,357.png
358,ORIGA/Images/358.jpg,358.jpg,ORIGA/Masks/358.png,358.png
359,ORIGA/Images/359.jpg,359.jpg,ORIGA/Masks/359.png,359.png
360,ORIGA/Images/360.jpg,360.jpg,ORIGA/Masks/360.png,360.png
361,ORIGA/Images/361.jpg,361.jpg,ORIGA/Masks/361.png,361.png
362,ORIGA/Images/362.jpg,362.jpg,ORIGA/Masks/362.png,362.png
363,ORIGA/Images/363.jpg,363.jpg,ORIGA/Masks/363.png,363.png
364,ORIGA/Images/364.jpg,364.jpg,ORIGA/Masks/364.png,364.png
365,ORIGA/Images/365.jpg,365.jpg,ORIGA/Masks/365.png,365.png
366,ORIGA/Images/366.jpg,366.jpg,ORIGA/Masks/366.png,366.png
367,ORIGA/Images/367.jpg,367.jpg,ORIGA/Masks/367.png,367.png
368,ORIGA/Images/368.jpg,368.jpg,ORIGA/Masks/368.png,368.png
369,ORIGA/Images/369.jpg,369.jpg,ORIGA/Masks/369.png,369.png
370,ORIGA/Images/370.jpg,370.jpg,ORIGA/Masks/370.png,370.png
371,ORIGA/Images/371.jpg,371.jpg,ORIGA/Masks/371.png,371.png
372,ORIGA/Images/372.jpg,372.jpg,ORIGA/Masks/372.png,372.png
373,ORIGA/Images/373.jpg,373.jpg,ORIGA/Masks/373.png,373.png
374,ORIGA/Images/374.jpg,374.jpg,ORIGA/Masks/374.png,374.png
375,ORIGA/Images/375.jpg,375.jpg,ORIGA/Masks/375.png,375.png
376,ORIGA/Images/376.jpg,376.jpg,ORIGA/Masks/376.png,376.png
377,ORIGA/Images/377.jpg,377.jpg,ORIGA/Masks/377.png,377.png
378,ORIGA/Images/378.jpg,378.jpg,ORIGA/Masks/378.png,378.png
379,ORIGA/Images/379.jpg,379.jpg,ORIGA/Masks/379.png,379.png
380,ORIGA/Images/380.jpg,380.jpg,ORIGA/Masks/380.png,380.png
381,ORIGA/Images/381.jpg,381.jpg,ORIGA/Masks/381.png,381.png
382,ORIGA/Images/382.jpg,382.jpg,ORIGA/Masks/382.png,382.png
383,ORIGA/Images/383.jpg,383.jpg,ORIGA/Masks/383.png,383.png
384,ORIGA/Images/384.jpg,384.jpg,ORIGA/Masks/384.png,384.png
385,ORIGA/Images/385.jpg,385.jpg,ORIGA/Masks/385.png,385.png
386,ORIGA/Images/386.jpg,386.jpg,ORIGA/Masks/386.png,386.png
387,ORIGA/Images/387.jpg,387.jpg,ORIGA/Masks/387.png,387.png
388,ORIGA/Images/388.jpg,388.jpg,ORIGA/Masks/388.png,388.png
389,ORIGA/Images/389.jpg,389.jpg,ORIGA/Masks/389.png,389.png
390,ORIGA/Images/390.jpg,390.jpg,ORIGA/Masks/390.png,390.png
391,ORIGA/Images/391.jpg,391.jpg,ORIGA/Masks/391.png,391.png
392,ORIGA/Images/392.jpg,392.jpg,ORIGA/Masks/392.png,392.png
393,ORIGA/Images/393.jpg,393.jpg,ORIGA/Masks/393.png,393.png
394,ORIGA/Images/394.jpg,394.jpg,ORIGA/Masks/394.png,394.png
395,ORIGA/Images/395.jpg,395.jpg,ORIGA/Masks/395.png,395.png
396,ORIGA/Images/396.jpg,396.jpg,ORIGA/Masks/396.png,396.png
397,ORIGA/Images/397.jpg,397.jpg,ORIGA/Masks/397.png,397.png
398,ORIGA/Images/398.jpg,398.jpg,ORIGA/Masks/398.png,398.png
399,ORIGA/Images/399.jpg,399.jpg,ORIGA/Masks/399.png,399.png
400,ORIGA/Images/400.jpg,400.jpg,ORIGA/Masks/400.png,400.png
401,ORIGA/Images/401.jpg,401.jpg,ORIGA/Masks/401.png,401.png
402,ORIGA/Images/402.jpg,402.jpg,ORIGA/Masks/402.png,402.png
403,ORIGA/Images/403.jpg,403.jpg,ORIGA/Masks/403.png,403.png
404,ORIGA/Images/404.jpg,404.jpg,ORIGA/Masks/404.png,404.png
405,ORIGA/Images/405.jpg,405.jpg,ORIGA/Masks/405.png,405.png
406,ORIGA/Images/406.jpg,406.jpg,ORIGA/Masks/406.png,406.png
407,ORIGA/Images/407.jpg,407.jpg,ORIGA/Masks/407.png,407.png
408,ORIGA/Images/408.jpg,408.jpg,ORIGA/Masks/408.png,408.png
409,ORIGA/Images/409.jpg,409.jpg,ORIGA/Masks/409.png,409.png
410,ORIGA/Images/410.jpg,410.jpg,ORIGA/Masks/410.png,410.png
411,ORIGA/Images/411.jpg,411.jpg,ORIGA/Masks/411.png,411.png
412,ORIGA/Images/412.jpg,412.jpg,ORIGA/Masks/412.png,412.png
413,ORIGA/Images/413.jpg,413.jpg,ORIGA/Masks/413.png,413.png
414,ORIGA/Images/414.jpg,414.jpg,ORIGA/Masks/414.png,414.png
415,ORIGA/Images/415.jpg,415.jpg,ORIGA/Masks/415.png,415.png
416,ORIGA/Images/416.jpg,416.jpg,ORIGA/Masks/416.png,416.png
417,ORIGA/Images/417.jpg,417.jpg,ORIGA/Masks/417.png,417.png
418,ORIGA/Images/418.jpg,418.jpg,ORIGA/Masks/418.png,418.png
419,ORIGA/Images/419.jpg,419.jpg,ORIGA/Masks/419.png,419.png
420,ORIGA/Images/420.jpg,420.jpg,ORIGA/Masks/420.png,420.png
421,ORIGA/Images/421.jpg,421.jpg,ORIGA/Masks/421.png,421.png
422,ORIGA/Images/422.jpg,422.jpg,ORIGA/Masks/422.png,422.png
423,ORIGA/Images/423.jpg,423.jpg,ORIGA/Masks/423.png,423.png
424,ORIGA/Images/424.jpg,424.jpg,ORIGA/Masks/424.png,424.png
425,ORIGA/Images/425.jpg,425.jpg,ORIGA/Masks/425.png,425.png
426,ORIGA/Images/426.jpg,426.jpg,ORIGA/Masks/426.png,426.png
427,ORIGA/Images/427.jpg,427.jpg,ORIGA/Masks/427.png,427.png
428,ORIGA/Images/428.jpg,428.jpg,ORIGA/Masks/428.png,428.png
429,ORIGA/Images/429.jpg,429.jpg,ORIGA/Masks/429.png,429.png
430,ORIGA/Images/430.jpg,430.jpg,ORIGA/Masks/430.png,430.png
431,ORIGA/Images/431.jpg,431.jpg,ORIGA/Masks/431.png,431.png
432,ORIGA/Images/432.jpg,432.jpg,ORIGA/Masks/432.png,432.png
433,ORIGA/Images/433.jpg,433.jpg,ORIGA/Masks/433.png,433.png
434,ORIGA/Images/434.jpg,434.jpg,ORIGA/Masks/434.png,434.png
435,ORIGA/Images/435.jpg,435.jpg,ORIGA/Masks/435.png,435.png
436,ORIGA/Images/436.jpg,436.jpg,ORIGA/Masks/436.png,436.png
437,ORIGA/Images/437.jpg,437.jpg,ORIGA/Masks/437.png,437.png
438,ORIGA/Images/438.jpg,438.jpg,ORIGA/Masks/438.png,438.png
439,ORIGA/Images/439.jpg,439.jpg,ORIGA/Masks/439.png,439.png
440,ORIGA/Images/440.jpg,440.jpg,ORIGA/Masks/440.png,440.png
441,ORIGA/Images/441.jpg,441.jpg,ORIGA/Masks/441.png,441.png
442,ORIGA/Images/442.jpg,442.jpg,ORIGA/Masks/442.png,442.png
443,ORIGA/Images/443.jpg,443.jpg,ORIGA/Masks/443.png,443.png
444,ORIGA/Images/444.jpg,444.jpg,ORIGA/Masks/444.png,444.png
445,ORIGA/Images/445.jpg,445.jpg,ORIGA/Masks/445.png,445.png
446,ORIGA/Images/446.jpg,446.jpg,ORIGA/Masks/446.png,446.png
447,ORIGA/Images/447.jpg,447.jpg,ORIGA/Masks/447.png,447.png
448,ORIGA/Images/448.jpg,448.jpg,ORIGA/Masks/448.png,448.png
449,ORIGA/Images/449.jpg,449.jpg,ORIGA/Masks/449.png,449.png
450,ORIGA/Images/450.jpg,450.jpg,ORIGA/Masks/450.png,450.png
451,ORIGA/Images/451.jpg,451.jpg,ORIGA/Masks/451.png,451.png
452,ORIGA/Images/452.jpg,452.jpg,ORIGA/Masks/452.png,452.png
453,ORIGA/Images/453.jpg,453.jpg,ORIGA/Masks/453.png,453.png
454,ORIGA/Images/454.jpg,454.jpg,ORIGA/Masks/454.png,454.png
455,ORIGA/Images/455.jpg,455.jpg,ORIGA/Masks/455.png,455.png
456,ORIGA/Images/456.jpg,456.jpg,ORIGA/Masks/456.png,456.png
457,ORIGA/Images/457.jpg,457.jpg,ORIGA/Masks/457.png,457.png
458,ORIGA/Images/458.jpg,458.jpg,ORIGA/Masks/458.png,458.png
459,ORIGA/Images/459.jpg,459.jpg,ORIGA/Masks/459.png,459.png
460,ORIGA/Images/460.jpg,460.jpg,ORIGA/Masks/460.png,460.png
461,ORIGA/Images/461.jpg,461.jpg,ORIGA/Masks/461.png,461.png
462,ORIGA/Images/462.jpg,462.jpg,ORIGA/Masks/462.png,462.png
463,ORIGA/Images/463.jpg,463.jpg,ORIGA/Masks/463.png,463.png
464,ORIGA/Images/464.jpg,464.jpg,ORIGA/Masks/464.png,464.png
465,ORIGA/Images/465.jpg,465.jpg,ORIGA/Masks/465.png,465.png
466,ORIGA/Images/466.jpg,466.jpg,ORIGA/Masks/466.png,466.png
467,ORIGA/Images/467.jpg,467.jpg,ORIGA/Masks/467.png,467.png
468,ORIGA/Images/468.jpg,468.jpg,ORIGA/Masks/468.png,468.png
469,ORIGA/Images/469.jpg,469.jpg,ORIGA/Masks/469.png,469.png
470,ORIGA/Images/470.jpg,470.jpg,ORIGA/Masks/470.png,470.png
471,ORIGA/Images/471.jpg,471.jpg,ORIGA/Masks/471.png,471.png
472,ORIGA/Images/472.jpg,472.jpg,ORIGA/Masks/472.png,472.png
473,ORIGA/Images/473.jpg,473.jpg,ORIGA/Masks/473.png,473.png
474,ORIGA/Images/474.jpg,474.jpg,ORIGA/Masks/474.png,474.png
475,ORIGA/Images/475.jpg,475.jpg,ORIGA/Masks/475.png,475.png
476,ORIGA/Images/476.jpg,476.jpg,ORIGA/Masks/476.png,476.png
477,ORIGA/Images/477.jpg,477.jpg,ORIGA/Masks/477.png,477.png
478,ORIGA/Images/478.jpg,478.jpg,ORIGA/Masks/478.png,478.png
479,ORIGA/Images/479.jpg,479.jpg,ORIGA/Masks/479.png,479.png
480,ORIGA/Images/480.jpg,480.jpg,ORIGA/Masks/480.png,480.png
481,ORIGA/Images/481.jpg,481.jpg,ORIGA/Masks/481.png,481.png
482,ORIGA/Images/482.jpg,482.jpg,ORIGA/Masks/482.png,482.png
483,ORIGA/Images/483.jpg,483.jpg,ORIGA/Masks/483.png,483.png
484,ORIGA/Images/484.jpg,484.jpg,ORIGA/Masks/484.png,484.png
485,ORIGA/Images/485.jpg,485.jpg,ORIGA/Masks/485.png,485.png
486,ORIGA/Images/486.jpg,486.jpg,ORIGA/Masks/486.png,486.png
487,ORIGA/Images/487.jpg,487.jpg,ORIGA/Masks/487.png,487.png
488,ORIGA/Images/488.jpg,488.jpg,ORIGA/Masks/488.png,488.png
489,ORIGA/Images/489.jpg,489.jpg,ORIGA/Masks/489.png,489.png
490,ORIGA/Images/490.jpg,490.jpg,ORIGA/Masks/490.png,490.png
491,ORIGA/Images/491.jpg,491.jpg,ORIGA/Masks/491.png,491.png
492,ORIGA/Images/492.jpg,492.jpg,ORIGA/Masks/492.png,492.png
493,ORIGA/Images/493.jpg,493.jpg,ORIGA/Masks/493.png,493.png
494,ORIGA/Images/494.jpg,494.jpg,ORIGA/Masks/494.png,494.png
495,ORIGA/Images/495.jpg,495.jpg,ORIGA/Masks/495.png,495.png
496,ORIGA/Images/496.jpg,496.jpg,ORIGA/Masks/496.png,496.png
497,ORIGA/Images/497.jpg,497.jpg,ORIGA/Masks/497.png,497.png
498,ORIGA/Images/498.jpg,498.jpg,ORIGA/Masks/498.png,498.png
499,ORIGA/Images/499.jpg,499.jpg,ORIGA/Masks/499.png,499.png
500,ORIGA/Images/500.jpg,500.jpg,ORIGA/Masks/500.png,500.png
501,ORIGA/Images/501.jpg,501.jpg,ORIGA/Masks/501.png,501.png
502,ORIGA/Images/502.jpg,502.jpg,ORIGA/Masks/502.png,502.png
503,ORIGA/Images/503.jpg,503.jpg,ORIGA/Masks/503.png,503.png
504,ORIGA/Images/504.jpg,504.jpg,ORIGA/Masks/504.png,504.png
505,ORIGA/Images/505.jpg,505.jpg,ORIGA/Masks/505.png,505.png
506,ORIGA/Images/506.jpg,506.jpg,ORIGA/Masks/506.png,506.png
507,ORIGA/Images/507.jpg,507.jpg,ORIGA/Masks/507.png,507.png
508,ORIGA/Images/508.jpg,508.jpg,ORIGA/Masks/508.png,508.png
509,ORIGA/Images/509.jpg,509.jpg,ORIGA/Masks/509.png,509.png
510,ORIGA/Images/510.jpg,510.jpg,ORIGA/Masks/510.png,510.png
511,ORIGA/Images/511.jpg,511.jpg,ORIGA/Masks/511.png,511.png
512,ORIGA/Images/512.jpg,512.jpg,ORIGA/Masks/512.png,512.png
513,ORIGA/Images/513.jpg,513.jpg,ORIGA/Masks/513.png,513.png
514,ORIGA/Images/514.jpg,514.jpg,ORIGA/Masks/514.png,514.png
515,ORIGA/Images/515.jpg,515.jpg,ORIGA/Masks/515.png,515.png
516,ORIGA/Images/516.jpg,516.jpg,ORIGA/Masks/516.png,516.png
517,ORIGA/Images/517.jpg,517.jpg,ORIGA/Masks/517.png,517.png
518,ORIGA/Images/518.jpg,518.jpg,ORIGA/Masks/518.png,518.png
519,ORIGA/Images/519.jpg,519.jpg,ORIGA/Masks/519.png,519.png
520,ORIGA/Images/520.jpg,520.jpg,ORIGA/Masks/520.png,520.png
521,ORIGA/Images/521.jpg,521.jpg,ORIGA/Masks/521.png,521.png
522,ORIGA/Images/522.jpg,522.jpg,ORIGA/Masks/522.png,522.png
523,ORIGA/Images/523.jpg,523.jpg,ORIGA/Masks/523.png,523.png
524,ORIGA/Images/524.jpg,524.jpg,ORIGA/Masks/524.png,524.png
525,ORIGA/Images/525.jpg,525.jpg,ORIGA/Masks/525.png,525.png
526,ORIGA/Images/526.jpg,526.jpg,ORIGA/Masks/526.png,526.png
527,ORIGA/Images/527.jpg,527.jpg,ORIGA/Masks/527.png,527.png
528,ORIGA/Images/528.jpg,528.jpg,ORIGA/Masks/528.png,528.png
529,ORIGA/Images/529.jpg,529.jpg,ORIGA/Masks/529.png,529.png
530,ORIGA/Images/530.jpg,530.jpg,ORIGA/Masks/530.png,530.png
531,ORIGA/Images/531.jpg,531.jpg,ORIGA/Masks/531.png,531.png
532,ORIGA/Images/532.jpg,532.jpg,ORIGA/Masks/532.png,532.png
533,ORIGA/Images/533.jpg,533.jpg,ORIGA/Masks/533.png,533.png
534,ORIGA/Images/534.jpg,534.jpg,ORIGA/Masks/534.png,534.png
535,ORIGA/Images/535.jpg,535.jpg,ORIGA/Masks/535.png,535.png
536,ORIGA/Images/536.jpg,536.jpg,ORIGA/Masks/536.png,536.png
537,ORIGA/Images/537.jpg,537.jpg,ORIGA/Masks/537.png,537.png
538,ORIGA/Images/538.jpg,538.jpg,ORIGA/Masks/538.png,538.png
539,ORIGA/Images/539.jpg,539.jpg,ORIGA/Masks/539.png,539.png
540,ORIGA/Images/540.jpg,540.jpg,ORIGA/Masks/540.png,540.png
541,ORIGA/Images/541.jpg,541.jpg,ORIGA/Masks/541.png,541.png
542,ORIGA/Images/542.jpg,542.jpg,ORIGA/Masks/542.png,542.png
543,ORIGA/Images/543.jpg,543.jpg,ORIGA/Masks/543.png,543.png
544,ORIGA/Images/544.jpg,544.jpg,ORIGA/Masks/544.png,544.png
545,ORIGA/Images/545.jpg,545.jpg,ORIGA/Masks/545.png,545.png
546,ORIGA/Images/546.jpg,546.jpg,ORIGA/Masks/546.png,546.png
547,ORIGA/Images/547.jpg,547.jpg,ORIGA/Masks/547.png,547.png
548,ORIGA/Images/548.jpg,548.jpg,ORIGA/Masks/548.png,548.png
549,ORIGA/Images/549.jpg,549.jpg,ORIGA/Masks/549.png,549.png
550,ORIGA/Images/550.jpg,550.jpg,ORIGA/Masks/550.png,550.png
551,ORIGA/Images/551.jpg,551.jpg,ORIGA/Masks/551.png,551.png
552,ORIGA/Images/552.jpg,552.jpg,ORIGA/Masks/552.png,552.png
553,ORIGA/Images/553.jpg,553.jpg,ORIGA/Masks/553.png,553.png
554,ORIGA/Images/554.jpg,554.jpg,ORIGA/Masks/554.png,554.png
555,ORIGA/Images/555.jpg,555.jpg,ORIGA/Masks/555.png,555.png
556,ORIGA/Images/556.jpg,556.jpg,ORIGA/Masks/556.png,556.png
557,ORIGA/Images/557.jpg,557.jpg,ORIGA/Masks/557.png,557.png
558,ORIGA/Images/558.jpg,558.jpg,ORIGA/Masks/558.png,558.png
559,ORIGA/Images/559.jpg,559.jpg,ORIGA/Masks/559.png,559.png
560,ORIGA/Images/560.jpg,560.jpg,ORIGA/Masks/560.png,560.png
561,ORIGA/Images/561.jpg,561.jpg,ORIGA/Masks/561.png,561.png
562,ORIGA/Images/562.jpg,562.jpg,ORIGA/Masks/562.png,562.png
563,ORIGA/Images/563.jpg,563.jpg,ORIGA/Masks/563.png,563.png
564,ORIGA/Images/564.jpg,564.jpg,ORIGA/Masks/564.png,564.png
565,ORIGA/Images/565.jpg,565.jpg,ORIGA/Masks/565.png,565.png
566,ORIGA/Images/566.jpg,566.jpg,ORIGA/Masks/566.png,566.png
567,ORIGA/Images/567.jpg,567.jpg,ORIGA/Masks/567.png,567.png
568,ORIGA/Images/568.jpg,568.jpg,ORIGA/Masks/568.png,568.png
569,ORIGA/Images/569.jpg,569.jpg,ORIGA/Masks/569.png,569.png
570,ORIGA/Images/570.jpg,570.jpg,ORIGA/Masks/570.png,570.png
571,ORIGA/Images/571.jpg,571.jpg,ORIGA/Masks/571.png,571.png
572,ORIGA/Images/572.jpg,572.jpg,ORIGA/Masks/572.png,572.png
573,ORIGA/Images/573.jpg,573.jpg,ORIGA/Masks/573.png,573.png
574,ORIGA/Images/574.jpg,574.jpg,ORIGA/Masks/574.png,574.png
575,ORIGA/Images/575.jpg,575.jpg,ORIGA/Masks/575.png,575.png
576,ORIGA/Images/576.jpg,576.jpg,ORIGA/Masks/576.png,576.png
577,ORIGA/Images/577.jpg,577.jpg,ORIGA/Masks/577.png,577.png
578,ORIGA/Images/578.jpg,578.jpg,ORIGA/Masks/578.png,578.png
579,ORIGA/Images/579.jpg,579.jpg,ORIGA/Masks/579.png,579.png
580,ORIGA/Images/580.jpg,580.jpg,ORIGA/Masks/580.png,580.png
581,ORIGA/Images/581.jpg,581.jpg,ORIGA/Masks/581.png,581.png
582,ORIGA/Images/582.jpg,582.jpg,ORIGA/Masks/582.png,582.png
583,ORIGA/Images/583.jpg,583.jpg,ORIGA/Masks/583.png,583.png
584,ORIGA/Images/584.jpg,584.jpg,ORIGA/Masks/584.png,584.png
585,ORIGA/Images/585.jpg,585.jpg,ORIGA/Masks/585.png,585.png
586,ORIGA/Images/586.jpg,586.jpg,ORIGA/Masks/586.png,586.png
587,ORIGA/Images/587.jpg,587.jpg,ORIGA/Masks/587.png,587.png
588,ORIGA/Images/588.jpg,588.jpg,ORIGA/Masks/588.png,588.png
589,ORIGA/Images/589.jpg,589.jpg,ORIGA/Masks/589.png,589.png
590,ORIGA/Images/590.jpg,590.jpg,ORIGA/Masks/590.png,590.png
591,ORIGA/Images/591.jpg,591.jpg,ORIGA/Masks/591.png,591.png
592,ORIGA/Images/592.jpg,592.jpg,ORIGA/Masks/592.png,592.png
593,ORIGA/Images/593.jpg,593.jpg,ORIGA/Masks/593.png,593.png
594,ORIGA/Images/594.jpg,594.jpg,ORIGA/Masks/594.png,594.png
595,ORIGA/Images/595.jpg,595.jpg,ORIGA/Masks/595.png,595.png
596,ORIGA/Images/596.jpg,596.jpg,ORIGA/Masks/596.png,596.png
597,ORIGA/Images/597.jpg,597.jpg,ORIGA/Masks/597.png,597.png
598,ORIGA/Images/598.jpg,598.jpg,ORIGA/Masks/598.png,598.png
599,ORIGA/Images/599.jpg,599.jpg,ORIGA/Masks/599.png,599.png
600,ORIGA/Images/600.jpg,600.jpg,ORIGA/Masks/600.png,600.png
601,ORIGA/Images/601.jpg,601.jpg,ORIGA/Masks/601.png,601.png
602,ORIGA/Images/602.jpg,602.jpg,ORIGA/Masks/602.png,602.png
603,ORIGA/Images/603.jpg,603.jpg,ORIGA/Masks/603.png,603.png
604,ORIGA/Images/604.jpg,604.jpg,ORIGA/Masks/604.png,604.png
605,ORIGA/Images/605.jpg,605.jpg,ORIGA/Masks/605.png,605.png
606,ORIGA/Images/606.jpg,606.jpg,ORIGA/Masks/606.png,606.png
607,ORIGA/Images/607.jpg,607.jpg,ORIGA/Masks/607.png,607.png
608,ORIGA/Images/608.jpg,608.jpg,ORIGA/Masks/608.png,608.png
609,ORIGA/Images/609.jpg,609.jpg,ORIGA/Masks/609.png,609.png
610,ORIGA/Images/610.jpg,610.jpg,ORIGA/Masks/610.png,610.png
611,ORIGA/Images/611.jpg,611.jpg,ORIGA/Masks/611.png,611.png
612,ORIGA/Images/612.jpg,612.jpg,ORIGA/Masks/612.png,612.png
613,ORIGA/Images/613.jpg,613.jpg,ORIGA/Masks/613.png,613.png
614,ORIGA/Images/614.jpg,614.jpg,ORIGA/Masks/614.png,614.png
615,ORIGA/Images/615.jpg,615.jpg,ORIGA/Masks/615.png,615.png
616,ORIGA/Images/616.jpg,616.jpg,ORIGA/Masks/616.png,616.png
617,ORIGA/Images/617.jpg,617.jpg,ORIGA/Masks/617.png,617.png
618,ORIGA/Images/618.jpg,618.jpg,ORIGA/Masks/618.png,618.png
619,ORIGA/Images/619.jpg,619.jpg,ORIGA/Masks/619.png,619.png
620,ORIGA/Images/620.jpg,620.jpg,ORIGA/Masks/620.png,620.png
621,ORIGA/Images/621.jpg,621.jpg,ORIGA/Masks/621.png,621.png
622,ORIGA/Images/622.jpg,622.jpg,ORIGA/Masks/622.png,622.png
623,ORIGA/Images/623.jpg,623.jpg,ORIGA/Masks/623.png,623.png
624,ORIGA/Images/624.jpg,624.jpg,ORIGA/Masks/624.png,624.png
625,ORIGA/Images/625.jpg,625.jpg,ORIGA/Masks/625.png,625.png
626,ORIGA/Images/626.jpg,626.jpg,ORIGA/Masks/626.png,626.png
627,ORIGA/Images/627.jpg,627.jpg,ORIGA/Masks/627.png,627.png
628,ORIGA/Images/628.jpg,628.jpg,ORIGA/Masks/628.png,628.png
629,ORIGA/Images/629.jpg,629.jpg,ORIGA/Masks/629.png,629.png
630,ORIGA/Images/630.jpg,630.jpg,ORIGA/Masks/630.png,630.png
631,ORIGA/Images/631.jpg,631.jpg,ORIGA/Masks/631.png,631.png
632,ORIGA/Images/632.jpg,632.jpg,ORIGA/Masks/632.png,632.png
633,ORIGA/Images/633.jpg,633.jpg,ORIGA/Masks/633.png,633.png
634,ORIGA/Images/634.jpg,634.jpg,ORIGA/Masks/634.png,634.png
635,ORIGA/Images/635.jpg,635.jpg,ORIGA/Masks/635.png,635.png
636,ORIGA/Images/636.jpg,636.jpg,ORIGA/Masks/636.png,636.png
637,ORIGA/Images/637.jpg,637.jpg,ORIGA/Masks/637.png,637.png
638,ORIGA/Images/638.jpg,638.jpg,ORIGA/Masks/638.png,638.png
639,ORIGA/Images/639.jpg,639.jpg,ORIGA/Masks/639.png,639.png
640,ORIGA/Images/640.jpg,640.jpg,ORIGA/Masks/640.png,640.png
641,ORIGA/Images/641.jpg,641.jpg,ORIGA/Masks/641.png,641.png
642,ORIGA/Images/642.jpg,642.jpg,ORIGA/Masks/642.png,642.png
643,ORIGA/Images/643.jpg,643.jpg,ORIGA/Masks/643.png,643.png
644,ORIGA/Images/644.jpg,644.jpg,ORIGA/Masks/644.png,644.png
645,ORIGA/Images/645.jpg,645.jpg,ORIGA/Masks/645.png,645.png
646,ORIGA/Images/646.jpg,646.jpg,ORIGA/Masks/646.png,646.png
647,ORIGA/Images/647.jpg,647.jpg,ORIGA/Masks/647.png,647.png
648,ORIGA/Images/648.jpg,648.jpg,ORIGA/Masks/648.png,648.png
649,ORIGA/Images/649.jpg,649.jpg,ORIGA/Masks/649.png,649.png
650,ORIGA/Images/650.jpg,650.jpg,ORIGA/Masks/650.png,650.png
